model,train_accuracy,test_accuracy,precision,recall,f1_score,roc_auc,cv_mean,cv_std
Random Forest,0.99185667752443,0.7532467532467533,0.6739130434782609,0.5740740740740741,0.62,0.8125925925925925,0.765480474476876,0.028738411688314498
KNN,0.8306188925081434,0.7532467532467533,0.66,0.6111111111111112,0.6346153846153846,0.7886111111111112,0.7443822471011595,0.029674382957457352
XGBoost,0.9657980456026058,0.7467532467532467,0.6470588235294118,0.6111111111111112,0.6285714285714286,0.8298148148148148,0.7378381980541115,0.03759479531143861
SVM,0.8403908794788274,0.7402597402597403,0.6521739130434783,0.5555555555555556,0.6,0.7963888888888889,0.7687591630014661,0.017891124038868386
Logistic Regression,0.7964169381107492,0.7077922077922078,0.6,0.5,0.5454545454545454,0.812962962962963,0.7817939490870318,0.012452206244262123
Naive Bayes,0.7638436482084691,0.7012987012987013,0.5666666666666667,0.6296296296296297,0.5964912280701754,0.7646296296296297,0.7589764094362256,0.007719479426741846
Decision Tree,0.9625407166123778,0.6753246753246753,0.5454545454545454,0.4444444444444444,0.4897959183673469,0.6821296296296295,0.6873650539784087,0.026303601510136058
